title,rank,description,image,projectedJobs,medianSalary,hourlyWage,rent,educationNeeded,link,questionShift,questionIncome,questionTech,questionHealth,questionOralCare,questionEducationNeeded,questionPeople,questionSubject,questionPriority,questionWhere,questionEnvironment,questionHands
Software Developer,1,"Software developers need to be innovative, creative and, of course, technical in order to succeed in this field. They might write new code or fix bugs in code to make it work better.",https://www.usnews.com/dims4/USNEWS/12706ce/2147483647/crop/1335x1335%2B560%2B0/resize/300x300/quality/85/?url=https%3A%2F%2Fmedia.beam.usnews.com%2Ff9%2Ff1%2Fa6174c87479b8222c09903d7651c%2F190219-softwaredevelopers-stock.jpg,"241,500","$103,620",$50,"$1,943",Bachelor's,https://money.usnews.com/careers/best-jobs/software-developer,daytime,boatVacation,true,false,false,bachelors,false,techShop,money,differentOutdoors,false,false
Dentist,2,"From filling cavities to whitening teeth, dentists primarily examine and treat issues involving the mouth, gums and teeth.",https://www.usnews.com/dims4/USNEWS/b97811b/2147483647/thumbnail/300x300/quality/85/?url=https%3A%2F%2Fmedia.beam.usnews.com%2F02%2Fb5%2F1c3123f449aeb8db06f505ec8710%2Fdentist.jpg,"10,400","$151,850",$73,"$2,847",Doctorate,https://money.usnews.com/careers/best-jobs/dentist,daytime,boatVacation,false,true,true,advanced,true,mathScience,money,govMedStore,false,true
Physician Assistant,3,Physician assistants work under doctors to care for the sick or injured by interpreting tests and conducting exams,https://www.usnews.com/dims4/USNEWS/2c1d0b2/2147483647/crop/283x283%2B47%2B0/resize/300x300/quality/85/?url=https%3A%2F%2Fmedia.beam.usnews.com%2F2f%2F717d5273c019191e4ba0cee3467a41%2Fjobs-job-photo-119.jpg,"37,000","$108,610",$52,"$2,036",Master's,https://money.usnews.com/careers/best-jobs/physician-assistant,varies,boatVacation,false,true,false,advanced,true,mathScience,money,govMedStore,false,true
Orthodontist,4,"Picture-perfect teeth often start with an orthodontist. Orthodontists focus primarily on the teeth and jaw, including realignment and preserving normal function and appearance.",https://www.usnews.com/dims4/USNEWS/3c6dea2/2147483647/crop/550x550%2B138%2B0/resize/300x300/quality/85/?url=https%3A%2F%2Fmedia.beam.usnews.com%2Fde%2Fb8%2F386f42664c4f820e29ffd3d71c7d%2F150618-jobprofileorthodontist-stock.jpg,500,"$208,000",$100,"$3,900",Doctorate,https://money.usnews.com/careers/best-jobs/orthodontist,daytime,boatVacation,false,true,true,advanced,true,mathScience,money,govMedStore,false,true
Nurse Practitioner,5,"Nurse practitioners perform a lot of the same duties as physicians; they perform physical exams, order lab tests and analyze results, prescribe medicines and authorize treatments. These professionals usually have a specialty, such as adult and geriatric health, pediatric health or mental health.",https://www.usnews.com/dims4/USNEWS/85dfcb4/2147483647/crop/248x248%2B94%2B0/resize/300x300/quality/85/?url=https%3A%2F%2Fmedia.beam.usnews.com%2F10%2F859ec40b8b2f5ab184c47f651941d9%2Fjobs-job-photo-126.jpg,"53,300","$107,030",$51,"$2,007",Master's,https://money.usnews.com/careers/best-jobs/nurse-practitioner,varies,boatVacation,false,true,false,advanced,true,mathScience,money,govMedStore,false,true
Statistician,6,Statistics is the science of using data to make decisions. This is relevant in almost all fields of work and there are many opportunities for employment.,https://www.usnews.com/dims4/USNEWS/6c1b81f/2147483647/thumbnail/300x300/quality/85/?url=https%3A%2F%2Fmedia.beam.usnews.com%2F8e%2F43%2F29088ab14427a298771f166b632d%2F171213-analyzedata-stock.jpg,"13,600","$87,780",$42,"$1,646",Master's,https://money.usnews.com/careers/best-jobs/statistician,daytime,house,false,false,false,advanced,false,mathScience,jobLike,office,false,false
Physician,7,Physicians provide preventative care but also treat and diagnose a range of illnesses in their patients. Schooling and competition is intense for all types of doctors but the payoff is high.,https://www.usnews.com/dims4/USNEWS/b0405b9/2147483647/crop/333x333%2B166%2B0/resize/300x300/quality/85/?url=https%3A%2F%2Fmedia.beam.usnews.com%2F63%2Fd8a38a6009a78a651368f928829a05%2Fjobs-job-photo-54.jpg,"1,600","$194,500",$94,"$3,647",Doctorate,https://money.usnews.com/careers/best-jobs/physician,daytime,boatVacation,false,true,false,advanced,true,mathScience,money,govMedStore,false,true
Speech-Language Pathologist,8,Those in this profession work to diagnose and treat a variety of speech and language difficulties and can work in a number of settings.,https://www.usnews.com/dims4/USNEWS/df4da4e/2147483647/crop/279x279%2B36%2B0/resize/300x300/quality/85/?url=https%3A%2F%2Fmedia.beam.usnews.com%2F65%2F442ef5aa4d6ee9b015e4c9a2067a51%2Fjobs-job-photo-6.jpg,"41,900","$77,510",$37,"$1,453",Master's,https://money.usnews.com/careers/best-jobs/speech-language-pathologist,daytime,house,false,false,false,advanced,true,englishHistory,jobLike,govMedStore,false,false
Oral and Maxillofacial Surgeon,9,"From repairing cleft lips and palates to taking care of impacted teeth, oral and maxillofacial surgeons operate specifically on the mouth, jaws, teeth, gums, neck and head. ",https://www.usnews.com/dims4/USNEWS/f92b58d/2147483647/thumbnail/300x300/quality/85/?url=https%3A%2F%2Fmedia.beam.usnews.com%2Fda%2F25%2Fa8b6bfb94f4583dc51e1f68e492b%2F150108-dentistxray-stock.jpg,400,"$208,000",$100,"$3,900",Doctorate,https://money.usnews.com/careers/best-jobs/oral-and-maxillofacial-surgeon,daytime,boatVacation,true,true,true,advanced,true,mathScience,jobLike,govMedStore,false,true
Veterinarian,10,An average day as a veterinarian might include performing surgeries or setting broken bones for animals. One must-have skill is communication. Vets routinely interact with animal owners and support staff. ,https://www.usnews.com/dims4/USNEWS/7b909e8/2147483647/crop/283x283%2B58%2B0/resize/300x300/quality/85/?url=https%3A%2F%2Fmedia.beam.usnews.com%2F0d%2Fecbed865b0649a20ccb739642144c2%2Fjobs-job-photo-96.jpg,"15,600","$93,830",$45,"$1,759",Doctorate,https://money.usnews.com/careers/best-jobs/veterinarian,varies,house,true,true,false,advanced,false,mathScience,jobLike,differentOutdoors,false,true
Medical and Health Services Manager,11,"Health care systems are like well-oiled machines, and it’s the job of medical and health services managers to keep all the parts running. These professionals might hire staff members, manage budgets, create goals for a department and increase the efficiency of health services, as well as manage a practice for a group of doctors, manage a medical facility or manage a department.",https://www.usnews.com/dims4/USNEWS/cd281f1/2147483647/crop/2583x2583%2B1283%2B0/resize/300x300/quality/85/?url=https%3A%2F%2Fmedia.beam.usnews.com%2F71%2F23%2F493d2b294d90bb038b308f1ae57d%2F151106-stock.jpg,"71,600","$99,730",$48,"$1,870",Bachelor's,https://money.usnews.com/careers/best-jobs/medical-and-health-services-manager,daytime,house,false,false,false,bachelors,true,englishHistory,money,govMedStore,false,false
IT Manager,12,"Our increasingly digital workplace demands more IT managers, who coordinate computer-related activities for an organization. Duties include analyzing and recommending computer needs, installing and maintaining computer hardware and software, securing an office’s network and electronic documents and searching for new technologies and upgrade opportunities.",https://www.usnews.com/dims4/USNEWS/cd281f1/2147483647/crop/2583x2583%2B1283%2B0/resize/300x300/quality/85/?url=https%3A%2F%2Fmedia.beam.usnews.com%2F71%2F23%2F493d2b294d90bb038b308f1ae57d%2F151106-stock.jpg,"46,800","$142,530",$69,"$2,672",Bachelor's,https://money.usnews.com/careers/best-jobs/it-manager,daytime,boatVacation,true,false,false,bachelors,false,techShop,jobLike,differentOutdoors,false,false
Registered Nurse,13,"A registered nurse has a wide range of responsibilities, from giving medicine to performing medical procedures.",https://www.usnews.com/dims4/USNEWS/3d71aa0/2147483647/crop/1415x1415%2B0%2B0/resize/300x300/quality/85/?url=https%3A%2F%2Fmedia.beam.usnews.com%2Fe1%2F4b%2F4b84bae249eeb8ae505feb82dd50%2F160809edunursingapplicants-stock.jpg,"371,500","$71,730",$34,"$1,345",Bachelor's,https://money.usnews.com/careers/best-jobs/registered-nurse,varies,car,true,true,false,bachelors,true,mathScience,helpingLeastSchool,govMedStore,false,true
mathScienceematician,14,"mathScienceematicians may have careers as varied as mathScienceematics itself, working everywhere from classrooms to government buildings. While some mathScienceematicians work primarily with theory, others use theory to solve everyday problems.",https://www.usnews.com/dims4/USNEWS/b60efad/2147483647/crop/1416x1416%2B540%2B0/resize/300x300/quality/85/?url=https%3A%2F%2Fmedia.beam.usnews.com%2F8f%2Fa8%2F2a77d11649458e5192d3485ced77%2F160401-mathScienceematicians-stock.jpg,800,"$101,900",$49,"$1,911",Master's,https://money.usnews.com/careers/best-jobs/mathScienceematician,daytime,boatVacation,true,false,false,advanced,false,mathScience,jobLike,office,false,false
Physical Therapist,15,The role of a physical therapist is to help patients manage and treat injuries or long-term illnesses by examining them and developing a plan that helps them increase mobility and lessen pain.,https://www.usnews.com/dims4/USNEWS/f0db079/2147483647/crop/278x278%2B49%2B0/resize/300x300/quality/85/?url=https%3A%2F%2Fmedia.beam.usnews.com%2F75%2F8a5264f467e3bbb83e2db043de2910%2Fjobs-job-photo-46.jpg,"54,200","$87,930",$42,"$1,649",Doctorate,https://money.usnews.com/careers/best-jobs/physical-therapist,varies,house,true,true,false,advanced,true,techShop,jobLike,govMedStore,false,true
Optometrist,16,"You probably wouldn’t be sporting those new glasses or contact lenses without a prescription from an optometrist. Prescriptions for eyewear or eye-related medications typically start with vision tests and a specific diagnosis from an optometrist. These medical professionals also provide treatments for eye diseases, preoperative and postoperative care and referrals to other health care providers.",https://www.usnews.com/dims4/USNEWS/7012969/2147483647/crop/1131x1131%2B187%2B0/resize/300x300/quality/85/?url=https%3A%2F%2Fmedia.beam.usnews.com%2Fa9%2F0f%2Fcf559d584f55b3edb97bcf5876d9%2Fbestjobsvideo-eyedoctornew.jpg,"4,000","$111,790",$54,"$2,096",Doctorate,https://money.usnews.com/careers/best-jobs/optometrist,varies,boatVacation,true,true,false,advanced,true,mathScience,jobLike,govMedStore,false,true
Anesthesiologist,17,"From surgery to chronic illness, anesthesiologists manage all types of pain through drugs, and even monitor patients’ vital signs.",https://www.usnews.com/dims4/USNEWS/f65d53b/2147483647/crop/550x550%2B115%2B0/resize/300x300/quality/85/?url=https%3A%2F%2Fmedia.beam.usnews.com%2F88%2Ff2%2Faf61f2574fe08ea69e067c2dadb7%2F150612-jobprofileanesthesiologist-stock.jpg,"1,500","$208,000",$100,"$3,900",Doctorate,https://money.usnews.com/careers/best-jobs/anesthesiologist,daytime,boatVacation,true,true,false,advanced,true,mathScience,money,govMedStore,false,true
Obstetrician and Gynecologist,18,"Whether you’re going in for a routine checkup or delivering your first child, obstetricians and gynecologists can provide a variety of care related to childbirth and female reproductive health.",https://www.usnews.com/dims4/USNEWS/7c91d1f/2147483647/crop/1333x1333%2B260%2B0/resize/300x300/quality/85/?url=https%3A%2F%2Fmedia.beam.usnews.com%2F1e%2F8f%2F98320300423fbbdd39a82d2dd365%2F180326-obgyn-stock.jpg,500,"$208,000",$100,"$3,900",Doctorate,https://money.usnews.com/careers/best-jobs/obstetrician-and-gynecologist,daytime,boatVacation,true,true,false,advanced,true,mathScience,money,govMedStore,false,true
Surgeon,19,"Surgeons treat patients’ injuries, diseases and deformities through operations that repair or prevent a medical problem. Surgeons can perform general surgery or specialize in areas including orthopedic, neurological, cardiovascular and plastic or reconstructive surgery.",https://www.usnews.com/dims4/USNEWS/dc6f186/2147483647/crop/299x299%2B115%2B0/resize/300x300/quality/85/?url=https%3A%2F%2Fmedia.beam.usnews.com%2Fe7%2Fad%2Fd36d6a9b4af1b5736cc678ff5d46%2F150615-jobprofilesurgeon-stock.jpg,500,"$208,000",$100,"$3,900",Doctorate,https://money.usnews.com/careers/best-jobs/surgeon,daytime,boatVacation,true,true,false,advanced,true,mathScience,money,govMedStore,false,true
Operations Research Analyst,20,"From data mining to mathScienceematical modeling, operations research analysts use advanced techniques to help businesses run in a more efficient and cost-effective manner.",https://www.usnews.com/dims4/USNEWS/d607045/2147483647/crop/333x333%2B78%2B0/resize/300x300/quality/85/?url=https%3A%2F%2Fmedia.beam.usnews.com%2Fa7%2F7fcc31bcd2e503ef8afd4e66657aee%2Fjobs-job-photo-114.jpg,"28,100","$83,390",$40,"$1,564",Bachelor's,https://money.usnews.com/careers/best-jobs/operations-research-analyst,daytime,house,true,false,false,advanced,false,englishHistory,money,office,false,false
Nurse Anesthetist,21,"As a type of advanced practice registered nurse, nurse anesthetists work with patients regarding anesthetic treatment before, during and after surgery, as well as with therapy or other medical procedures that use anesthesia. ",https://www.usnews.com/dims4/USNEWS/9058c9c/2147483647/crop/550x550%2B128%2B0/resize/300x300/quality/85/?url=https%3A%2F%2Fmedia.beam.usnews.com%2F07%2Fa0%2F6ec0d4154cddb7d3c48fce5d60a7%2F150612jobprofileanesthetist-stock.jpg,"7,600","$167,950",$81,"$3,149",Master's,https://money.usnews.com/careers/best-jobs/nurse-anesthetist,varies,boatVacation,true,true,false,advanced,true,mathScience,money,govMedStore,false,true
Pediatrician,22,"The doctors who sent you on your way with a lollipop and sticker when you were younger were likely pediatricians, doctors who diagnose and treat medical issues specific to infants, children, teenagers and young adults. Pediatrician responsibilities typically include treating common illnesses, minor injuries and infectious diseases, as well as administering vaccinations.",https://www.usnews.com/dims4/USNEWS/520d900/2147483647/crop/465x465%2B96%2B0/resize/300x300/quality/85/?url=https%3A%2F%2Fmedia.beam.usnews.com%2Fd8%2Fa4%2F5a3883f04010b30f7bb24df19b3b%2F150612-jobprofilepediatrician-stock.jpg,700,"$170,560",$82,"$3,198",Doctorate,https://money.usnews.com/careers/best-jobs/pediatrician,daytime,boatVacation,false,true,false,advanced,true,mathScience,money,govMedStore,false,true
Web Developer,23,"Web developers use code to create everything you see on your favorite websites, from the special effects to the search functionality.",https://www.usnews.com/dims4/USNEWS/e8935cb/2147483647/crop/279x279%2B70%2B0/resize/300x300/quality/85/?url=https%3A%2F%2Fmedia.beam.usnews.com%2F80%2F9ea79df78ff693ddeaa0e858ab73b4%2Fjobs-job-photo-39.jpg,"20,900","$69,430",$33,"$1,302",Associate's,https://money.usnews.com/careers/best-jobs/web-developer,varies,car,true,false,false,twoYearsOrFewer,false,techShop,jobLike,differentOutdoors,false,false
Dental Hygienist,24,"Dental hygienists typically work alongside dentists, cleaning a patient’s teeth, taking X-rays and applying fluoride.",https://www.usnews.com/dims4/USNEWS/3dbac72/2147483647/thumbnail/300x300/quality/85/?url=https%3A%2F%2Fmedia.beam.usnews.com%2Ff1%2F5a%2Fa2f6d92a4c1285153b62ac52a696%2F190913-dentalhygienist-stock.jpg,"23,700","$74,820",$36,"$1,403",Associate's,https://money.usnews.com/careers/best-jobs/dental-hygienist,daytime,car,false,true,true,twoYearsOrFewer,true,mathScience,jobLike,govMedStore,false,true
Genetic Counselor,25,Genetic counselors contribute to preventive care by assessing an individual’s or family’s risk for inherited conditions like cancer and birth defects. A genetic counselor’s duties range from analyzing genetic information to discussing testing options with patients to working with health care providers to determine patient treatment plans.,https://www.usnews.com/dims4/USNEWS/ae9c36f/2147483647/crop/801x801%2B309%2B0/resize/300x300/quality/85/?url=https%3A%2F%2Fmedia.beam.usnews.com%2F19%2Ffe%2F7289457641dab85818d6690d1568%2F150915-coupledoctor-stock.jpg,800,"$80,370",$39,"$1,507",Master's,https://money.usnews.com/careers/best-jobs/genetic-counselor,daytime,house,true,true,false,advanced,true,mathScience,helpingLeastSchool,office,false,false
Physical Therapist Assistant,26,Helping patients with their physical therapy plans is the main task of physical therapist assistants. They work to fix damages on their patients from various injuries.,https://www.usnews.com/dims4/USNEWS/22b4ddf/2147483647/crop/283x283%2B75%2B0/resize/300x300/quality/85/?url=https%3A%2F%2Fmedia.beam.usnews.com%2F29%2F60858e4534b18d60352cdf4252d468%2Fjobs-job-photo-99.jpg,"26,700","$58,040",$28,"$1,088",Associate's,https://money.usnews.com/careers/best-jobs/physical-therapist-assistant,varies,car,true,true,false,twoYearsOrFewer,true,techShop,jobLike,govMedStore,false,true
Financial Manager,27,"If financial managers were doctors, the financial success of their organization would be a testimony to their treatment. These business professionals create financial reports, coordinate investment activity and develop long-term financial strategies for companies.",https://www.usnews.com/dims4/USNEWS/d172f75/2147483647/crop/278x278%2B67%2B0/resize/300x300/quality/85/?url=https%3A%2F%2Fmedia.beam.usnews.com%2Fee%2F43ab15346528c1d9c064b606f89798%2Fjobs-job-photo-33.jpg,"104,700","$127,990",$62,"$2,400",Bachelor's,https://money.usnews.com/careers/best-jobs/financial-manager,daytime,boatVacation,false,false,false,bachelors,false,mathScience,money,office,false,false
Occupational Therapist,28,"Occupational therapists assist those who are sick, injured or disabled with day-to-day activities, such as showing someone how to use a wheelchair, or helping someone who had a stroke relearn how to cook, clean or get dressed. These professionals might also work with kids in educational settings, people with mental illnesses or someone who was involved in a bad car accident.",https://www.usnews.com/dims4/USNEWS/8fb0cdc/2147483647/crop/278x278%2B58%2B0/resize/300x300/quality/85/?url=https%3A%2F%2Fmedia.beam.usnews.com%2F1b%2F74f9b0a63414a95ba507cf331e69df%2Fjobs-job-photo-47.jpg,"23,700","$84,270",$41,"$1,580",Master's,https://money.usnews.com/careers/best-jobs/occupational-therapist,daytime,house,true,true,false,advanced,true,mathScience,helpingLeastSchool,differentOutdoors,false,true
Psychologist,29,"Psychologists study our behavior and how our brains function, and can help patients work through emotional, behavioral and psychological issues, as well as diagnose disorders. ",https://www.usnews.com/dims4/USNEWS/7796f9b/2147483647/crop/1335x1335%2B454%2B0/resize/300x300/quality/85/?url=https%3A%2F%2Fmedia.beam.usnews.com%2F3d%2F9c%2F304ab63f4fdfa080c4fa1ec08c87%2F180502-psychologist-stock.jpg,"2,100","$100,770",$48,"$1,889",Master's,https://money.usnews.com/careers/best-jobs/psychologist,daytime,boatVacation,false,false,false,advanced,true,englishHistory,money,govMedStore,false,false
Database Administrator,30,"While the pronunciation of the word “data” always seems to be up for debate, the importance of protecting said data is not. Database administrators set up databases according to a company’s requirements, in addition to maintaining its operations and implementing the appropriate security measures. ",https://www.usnews.com/dims4/USNEWS/75028d6/2147483647/crop/279x279%2B71%2B0/resize/300x300/quality/85/?url=https%3A%2F%2Fmedia.beam.usnews.com%2F67%2F43e42af9c43bcfacdcd2017d1e2a01%2Fjobs-job-photo-38.jpg,"10,500","$90,070",$43,"$1,689",Bachelor's,https://money.usnews.com/careers/best-jobs/database-administrator,daytime,house,true,false,false,bachelors,false,techShop,money,office,false,false
Financial Advisor,31,"Financial advisors counsel clients on their finances. Their responsibilities include creating budgets and retirement plans, providing investing advice and even investing on behalf of a client.",https://www.usnews.com/dims4/USNEWS/4ae69ca/2147483647/crop/279x279%2B67%2B0/resize/300x300/quality/85/?url=https%3A%2F%2Fmedia.beam.usnews.com%2F77%2F4ccdc0d0694c87209a36ccef721199%2Fjobs-job-photo-21.jpg,"19,100","$88,890",$43,"$1,667",Bachelor's,https://money.usnews.com/careers/best-jobs/financial-advisor,daytime,house,true,false,false,bachelors,true,mathScience,money,office,false,false
Mechanical Engineer,32,"Someone with a mechanical engineering degree has many job options for his or her career path. The skills of a mechanical engineer are needed in many industries and on many types of projects, from vehicle manufacturing to nanotechnology. Mechanical engineers are involved in the production of mechanical instruments and tools from start to finish, and their work includes aspects of design, development and testing.",https://www.usnews.com/dims4/USNEWS/0802afa/2147483647/thumbnail/300x300/quality/85/?url=https%3A%2F%2Fmedia.beam.usnews.com%2F07%2F00354c85a0a99b4abfd67d48bd3e4c%2Fjobs-job-photo-101.jpg,"12,800","$87,370",$42,"$1,638",Bachelor's,https://money.usnews.com/careers/best-jobs/mechanical-engineer,daytime,house,true,false,false,bachelors,false,techShop,money,differentOutdoors,false,true
Civil Engineer,33,"From the street in front of your home to the Golden Gate Bridge, civil engineers are responsible for the design and maintenance of public works and facilities. Civil engineers are involved from start to finish in the process of constructing buildings, bridges and roads.",https://www.usnews.com/dims4/USNEWS/b378a44/2147483647/crop/279x279%2B118%2B0/resize/300x300/quality/85/?url=https%3A%2F%2Fmedia.beam.usnews.com%2Fc1%2Faae354802f5cc40b6fcd70d056adbc%2Fjobs-job-photo-42.jpg,"20,500","$86,640",$42,"$1,625",Bachelor's,https://money.usnews.com/careers/best-jobs/civil-engineer,daytime,house,true,false,false,bachelors,false,techShop,money,differentOutdoors,true,true
Psychiatrist,34,"Performing evaluations far beyond the “How does that make you feel?” question asked in movies, psychiatrists are primary mental health physicians who diagnose and treat mental illnesses. Psychiatrists’ methods include personal counseling, hospitalization and medication.",https://www.usnews.com/dims4/USNEWS/f183440/2147483647/crop/550x550%2B274%2B0/resize/300x300/quality/85/?url=https%3A%2F%2Fmedia.beam.usnews.com%2F77%2Fe4%2Fc629126b47799cc0fbb0932dbd30%2F150615-jobprofilepsychiatrist-stock.jpg,"4,500","$208,000",$100,"$3,900",Doctorate,https://money.usnews.com/careers/best-jobs/psychiatrist,daytime,boatVacation,false,false,false,advanced,true,englishHistory,money,govMedStore,false,false
Substance Abuse and Behavioral Disorder Counselor,35,Counselors provide treatment for their patients while also possibly running outreach programs.,https://www.usnews.com/dims4/USNEWS/8117f3d/2147483647/thumbnail/300x300/quality/85/?url=https%3A%2F%2Fmedia.beam.usnews.com%2F9d%2F7fbc9af667aeec8e6ca4ccfbb74738%2Fjobs-job-photo-87.jpg,"68,500","$44,630",$21,$837,Bachelor's,https://money.usnews.com/careers/best-jobs/substance-abuse-counselor,daytime,car,false,true,false,bachelors,true,englishHistory,jobLike,differentOutdoors,false,false
School Psychologist,36,"School psychologists can bear a heavy load, assisting students who might be struggling academically or emotionally. You must hold a master’s degree and love helping others, and many in this field find the work rewarding.",https://www.usnews.com/dims4/USNEWS/4c52bbd/2147483647/crop/278x278%2B60%2B0/resize/300x300/quality/85/?url=https%3A%2F%2Fmedia.beam.usnews.com%2F34%2Fb04e2da1bb32bda5c14a6926e918b0%2Fjobs-job-photo-88.jpg,"23,800","$76,990",$37,"$1,444",Doctorate,https://money.usnews.com/careers/best-jobs/school-psychologist,daytime,house,false,false,false,advanced,true,englishHistory,jobLike,differentOutdoors,false,false
Home Health Aide,37,"Home health aides are trained to assist individuals with diabetes, chronic illness or cognitive impairment with the daily activities many people take for granted. ",https://www.usnews.com/dims4/USNEWS/e1c1d16/2147483647/crop/279x279%2B69%2B0/resize/300x300/quality/85/?url=https%3A%2F%2Fmedia.beam.usnews.com%2F96%2F0e%2F555108c74ed282c03b4091150a9c%2Fjobs-job-photo-58jpg-stock.jpg,"304,800","$24,200",$12,$454,High School,https://money.usnews.com/careers/best-jobs/home-health-aide,varies,car,false,true,false,twoYearsOrFewer,true,mathScience,helpingLeastSchool,differentOutdoors,false,true
Information Security Analyst,38,"As concern about cybersecurity grows, so does the demand for information security analysts. It is the duty of these professionals to prepare and carry out security measures that protect a company’s computer networks and systems. ",https://www.usnews.com/dims4/USNEWS/d08e55c/2147483647/thumbnail/300x300/quality/85/?url=https%3A%2F%2Fmedia.beam.usnews.com%2F2a%2F5911b29f34beed975c4df6230d9659%2Fjobs-job-photo-112.jpg,"35,500","$98,350",$47,"$1,844",Bachelor's,https://money.usnews.com/careers/best-jobs/information-security-analyst,daytime,house,true,false,false,bachelors,false,techShop,money,office,false,false
Pilot,39,"Pilots fly and operate aircraft, including airplanes, helicopters and military aircraft. Pilots work for passenger and cargo airlines of various sizes, corporations, wealthy individuals, and law enforcement agencies.",https://www.usnews.com/dims4/USNEWS/f31b18f/2147483647/thumbnail/300x300/quality/85/?url=https%3A%2F%2Fmedia.beam.usnews.com%2Fed%2Fb5%2F67abbb164280bbb869f1011c6199%2Fpilotcockpit.jpg,"7,000","$115,670",$56,"$2,169",Bachelor's,https://money.usnews.com/careers/best-jobs/pilot,varies,boatVacation,true,false,false,bachelors,false,techShop,jobLike,differentOutdoors,false,true
Respiratory Therapist,40,This occupation requires only an associate degree for entry and can be both challenging and gratifying. Respiratory therapists examine and treat those who have breathing disorders or respiratory diseases.,https://www.usnews.com/dims4/USNEWS/e138270/2147483647/crop/1334x1334%2B188%2B0/resize/300x300/quality/85/?url=https%3A%2F%2Fmedia.beam.usnews.com%2F8d%2Ff6%2Fc970b0614ae6ae9c36fefdbd3908%2F170602-copd-stock.jpg,"27,900","$60,280",$29,"$1,130",Associate's,https://money.usnews.com/careers/best-jobs/respiratory-therapist,varies,car,true,true,false,twoYearsOrFewer,true,techShop,helpingLeastSchool,govMedStore,false,true
Diagnostic Medical Sonographer,41,"While people often associate sonograms with babies, diagnostic medical sonographers also create images of organs and tissues to help diagnose medical conditions. ",https://www.usnews.com/dims4/USNEWS/514b1e5/2147483647/crop/283x283%2B142%2B0/resize/300x300/quality/85/?url=https%3A%2F%2Fmedia.beam.usnews.com%2Fad%2Fa7d3f1d3b999806e4d60d74c246bdf%2Fjobs-job-photo-100.jpg,"14,200","$72,510",$35,"$1,360",Associate's,https://money.usnews.com/careers/best-jobs/diagnostic-medical-sonographer,varies,car,true,true,false,twoYearsOrFewer,false,mathScience,money,govMedStore,false,true
Accountant,42,"Accountants are at your service during tax season and beyond, preparing taxes, performing audits and offering consulting.",https://www.usnews.com/dims4/USNEWS/7f937b2/2147483647/crop/1413x1413%2B702%2B0/resize/300x300/quality/85/?url=https%3A%2F%2Fmedia.beam.usnews.com%2F9d%2F2f%2F03ed14124eadb3ceaccdb19f8864%2Ffinancialadvisorclient.jpg,"90,700","$70,500",$34,"$1,322",Bachelor's,https://money.usnews.com/careers/best-jobs/accountant,daytime,car,false,false,false,bachelors,false,mathScience,money,office,false,false
Market Research Analyst,43,"Knowing what customers want is essential in running a business, and market research analysts help companies do just that. Typical responsibilities include monitoring and forecasting marketing and sales trends, measuring the effectiveness of marketing programs and strategies, gathering and analyzing data, and preparing and presenting reports to both clients and management.",https://www.usnews.com/dims4/USNEWS/b6fcb5c/2147483647/crop/333x333%2B55%2B0/resize/300x300/quality/85/?url=https%3A%2F%2Fmedia.beam.usnews.com%2F0d%2Fff8ff7f70561fa0004e9e44b0a2633%2Fjobs-job-photo-94.jpg,"139,200","$63,120",$30,"$1,184",Bachelor's,https://money.usnews.com/careers/best-jobs/market-research-analyst,daytime,car,true,false,false,bachelors,false,mathScience,jobLike,office,false,false
Business Operations Manager,44,"Business operations managers are a business’s go-to person. These managers assist companies of all sizes with hiring, negotiating contacts, budgeting and strategic decision-making regarding consumer purchases. ",https://www.usnews.com/dims4/USNEWS/9b82cc1/2147483647/crop/200x200%2B82%2B0/resize/300x300/quality/85/?url=https%3A%2F%2Fmedia.beam.usnews.com%2F5e%2F0d2a7a7e75efeee32ce3839be11f9a%2Fjobs-job-photo-36.jpg,"165,000","$100,930",$49,"$1,892",Bachelor's,https://money.usnews.com/careers/best-jobs/business-operations-manager,daytime,boatVacation,false,false,false,bachelors,false,techShop,money,office,false,false
Marketing Manager,45,"In the world of buying and selling, marketing managers are responsible for figuring out the price, so they can help organizations maximize their profits. They also make sure a company's customers are satisfied, estimate the demand for the company's products and services and determine possible markets for those products.",https://www.usnews.com/dims4/USNEWS/dd88381/2147483647/crop/1356x1356%2B545%2B0/resize/300x300/quality/85/?url=https%3A%2F%2Fmedia.beam.usnews.com%2Fbb%2Ff4%2F35974ae240cbadcad0c3027c28c9%2Fmarketingmanager.jpg,"20,900","$134,290",$65,"$2,518",Bachelor's,https://money.usnews.com/careers/best-jobs/marketing-manager,daytime,boatVacation,false,false,false,bachelors,false,englishHistory,money,office,false,false
Industrial Psychologist,46,"Industrial psychologists aim to find solutions for organizations after evaluating the problems the organization faces. These professionals typically run their own small businesses and work for consulting firms, corporations, hospitals and the government.",https://www.usnews.com/dims4/USNEWS/7983b0b/2147483647/crop/2583x2583%2B1191%2B0/resize/300x300/quality/85/?url=https%3A%2F%2Fmedia.beam.usnews.com%2F53%2Fb9%2F18b1552648838778be5928fe1f0d%2F151105-stock.jpg,200,"$97,260",$47,"$1,824",Master's,https://money.usnews.com/careers/best-jobs/industrial-psychologist,daytime,house,false,false,false,advanced,true,englishHistory,money,differentOutdoors,false,false
Podiatrist,47,"If a medical professional is treating or operating on your feet, ankles or lower legs, they most likely are a podiatrist. A podiatrist’s responsibilities include assessing the patient’s lower extremities, diagnosing problems, performing surgeries and prescribing medications.",https://www.usnews.com/dims4/USNEWS/28324d7/2147483647/crop/1416x1416%2B262%2B0/resize/300x300/quality/85/?url=https%3A%2F%2Fmedia.beam.usnews.com%2F10%2F71%2F64abee824a78862164f254c9331e%2F181031-podiatrist-stock.jpg,600,"$129,550",$62,"$2,429",Doctorate,https://money.usnews.com/careers/best-jobs/podiatrist,daytime,boatVacation,true,true,false,advanced,true,mathScience,money,govMedStore,false,true
Environmental Engineer,48,"Environmental engineers combine knowledge of engineering, soil science, biology and chemistry to solve environmental problems. A huge part of the job is working to improve recycling, waste disposal, public health, water and air pollution control.",https://www.usnews.com/dims4/USNEWS/4cd6dc6/2147483647/crop/667x667%2B194%2B0/resize/300x300/quality/85/?url=https%3A%2F%2Fmedia.beam.usnews.com%2F47%2Fa8%2F23c9d76744b2bb061f91860c318d%2F160120-enviroengjpg-stock.jpg,"2,900","$87,620",$42,"$1,643",Bachelor's,https://money.usnews.com/careers/best-jobs/environmental-engineer,daytime,house,true,false,false,bachelors,false,techShop,money,office,true,true
Social and Community Service Manager,49,"A profession that takes commitment and passion, social and community service management involves working with specific groups or communities to address issues.",https://www.usnews.com/dims4/USNEWS/e00a3f9/2147483647/crop/565x565%2B139%2B0/resize/300x300/quality/85/?url=https%3A%2F%2Fmedia.beam.usnews.com%2Ff6%2F99%2F4b22849e419b9852f1f3f98f793a%2F141008socialworkerwithtablet-stock.jpg,"21,900","$65,320",$31,"$1,225",Bachelor's,https://money.usnews.com/careers/best-jobs/social-and-community-service-manager,daytime,car,false,false,false,bachelors,true,englishHistory,helpingLeastSchool,office,true,false
Lawyer,50,"While not all legal proceedings resemble a scene from “Law & Order,” law is still an exciting profession. Lawyers both advise and represent clients in settings ranging from courts to government agency buildings. Lawyers also research and analyze legal issues; interpret laws, rulings and regulations; and present facts and argue on behalf of clients. ",https://www.usnews.com/dims4/USNEWS/409090b/2147483647/crop/800x800%2B53%2B0/resize/300x300/quality/85/?url=https%3A%2F%2Fmedia.beam.usnews.com%2F44%2Fea%2F23c012f44f7f972a67ff32c64471%2F160113-lawyecourtroom-stock.jpg,"50,100","$120,910",$58,"$2,267",Doctorate,https://money.usnews.com/careers/best-jobs/lawyer,daytime,boatVacation,false,false,false,advanced,true,englishHistory,money,office,false,false
Marriage and Family Therapist,51,"Many people can develop problems relating to their spouse, partner, children  or other family members. When these issues occur, marriage and family therapists can often be a source of support and conflict resolution.",https://www.usnews.com/dims4/USNEWS/6f007a9/2147483647/crop/283x283%2B91%2B0/resize/300x300/quality/85/?url=https%3A%2F%2Fmedia.beam.usnews.com%2Fd3%2F4fa3334892a382a827bae15cabd068%2Fjobs-job-photo-91.jpg,"12,300","$50,090",$24,$939,Master's,https://money.usnews.com/careers/best-jobs/marriage-and-family-therapist,varies,car,true,false,false,advanced,true,englishHistory,helpingLeastSchool,office,false,false
Medical Assistant,52,"During most medical exams, a physician or specialist isn’t the only person you’ll see. A medical assistant measures your vital signs, administers injections or medications and schedules appointments. These professionals also prepare blood samples for lab tests, record your patient history and enter your information in your medical records.",https://www.usnews.com/dims4/USNEWS/b01ca8a/2147483647/crop/279x279%2B41%2B0/resize/300x300/quality/85/?url=https%3A%2F%2Fmedia.beam.usnews.com%2F65%2F47cf722beaf0e58e336553a5914f37%2Fjobs-job-photo-45.jpg,"154,900","$33,610",$16,$630,Postsecondary non-degree,https://money.usnews.com/careers/best-jobs/medical-assistant,varies,car,true,true,false,twoYearsOrFewer,true,techShop,helpingLeastSchool,govMedStore,false,true
Computer Systems Analyst,53,Computer systems analysts must have a diverse skill set. The position requires information technology and business knowledge. These analysts custom design computer systems and processes for clients.,https://www.usnews.com/dims4/USNEWS/ec2fa2a/2147483647/thumbnail/300x300/quality/85/?url=https%3A%2F%2Fmedia.beam.usnews.com%2Fef%2F0a%2F7f0d54e74d918412151f2059ad3d%2F180104-computers-stock.jpg,"56,000","$88,740",$43,"$1,664",Bachelor's,https://money.usnews.com/careers/best-jobs/computer-systems-analyst,daytime,house,true,false,false,bachelors,false,techShop,money,office,false,false
Actuary,54,"Are you more of a risk calculator than a risk taker? Consider working as an actuary. These professionals are experts in uncertainty, using mathScienceematics, statistics and financial theory to measure, manage and mitigate financial risk.",https://www.usnews.com/dims4/USNEWS/72ca306/2147483647/crop/2583x2583%2B506%2B0/resize/300x300/quality/85/?url=https%3A%2F%2Fmedia.beam.usnews.com%2F0d%2Ff9%2Fd74dd59d4735b77a78489e3b8fc8%2Factuary.jpg,"5,000","$102,880",$49,"$1,929",Bachelor's,https://money.usnews.com/careers/best-jobs/actuary,daytime,boatVacation,false,false,false,bachelors,false,mathScience,jobLike,office,false,false
Medical Records Technician,55,"Medical records technicians are extremely detail-oriented professionals who use information from medical records to assign diagnosis and procedure codes. Their work is essential for patients’ reimbursement claims, research and tracking and monitoring disease patterns.",https://www.usnews.com/dims4/USNEWS/18185dc/2147483647/thumbnail/300x300/quality/85/?url=https%3A%2F%2Fmedia.beam.usnews.com%2F42%2Fac%2F18cc654f49ec8497ad0a2394432a%2Fmedical-records-technician.jpg,"23,100","$40,350",$19,$757,Postsecondary non-degree,https://money.usnews.com/careers/best-jobs/medical-records-technician,daytime,car,false,false,false,twoYearsOrFewer,false,englishHistory,jobLike,govMedStore,false,false
Prosthodontist,56,Prosthodontists are essentially responsible for repairing and restoring people’s smiles. These dental professionals improve and replace teeth.,https://www.usnews.com/dims4/USNEWS/d52ad79/2147483647/thumbnail/300x300/quality/85/?url=https%3A%2F%2Fmedia.beam.usnews.com%2F8a%2Fa4%2Fc9b3d9654b48885fbfed11b42a2e%2F151105-stock.jpg,0,"$176,540",$85,"$3,310",Doctorate,https://money.usnews.com/careers/best-jobs/prosthodontist,daytime,boatVacation,true,true,true,twoYearsOrFewer,false,mathScience,money,govMedStore,false,true
Construction Manager,57,"Construction managers help plan projects, estimate cost, team-up with laborers during the production stage and more.",https://www.usnews.com/dims4/USNEWS/0849eef/2147483647/crop/283x283%2B142%2B0/resize/300x300/quality/85/?url=https%3A%2F%2Fmedia.beam.usnews.com%2Fa6%2Fc36968a0085ea86fb786db46d16eb8%2Fjobs-job-photo-68.jpg,"46,200","$93,370",$45,"$1,751",Bachelor's,https://money.usnews.com/careers/best-jobs/construction-manager,daytime,house,true,false,false,bachelors,true,techShop,helpingLeastSchool,differentOutdoors,false,true
Veterinary Technologist and Technician,58,"This job is not necessarily glamorous, but your commitment to animals is a must. Veterinary technologists and technicians might handle such responsibilities as lab work or surgery assistance.",https://www.usnews.com/dims4/USNEWS/a4958bf/2147483647/crop/278x278%2B58%2B0/resize/300x300/quality/85/?url=https%3A%2F%2Fmedia.beam.usnews.com%2Fa0%2Fd3607641760b34d4facf6d706bbfdc%2Fjobs-job-photo-97.jpg,"21,100","$34,420",$17,$645,Associate's,https://money.usnews.com/careers/best-jobs/veterinary-technologist-and-technician,varies,car,true,true,false,twoYearsOrFewer,false,techShop,jobLike,differentOutdoors,false,true
Landscaper and Groundskeeper,59,"Landscapers plant trees, shrubs and flowers; fertilize plants; and construct outdoor walkways, patios and fences to surround their handiwork. Groundskeepers might also garden and plant, but they also paint fences, clean swimming pools, shovel snow and handle refuse removal.",https://www.usnews.com/dims4/USNEWS/b8d31ce/2147483647/crop/1335x1335%2B610%2B0/resize/300x300/quality/85/?url=https%3A%2F%2Fmedia.beam.usnews.com%2Fc9%2F5a%2F2faf1a2a4077ad46f2c6c3b5e357%2F190219-landscaper-stock.jpg,"106,400","$29,000",$14,$544,Not required,https://money.usnews.com/careers/best-jobs/landscaper-and-groundskeeper,varies,car,false,false,false,twoYearsOrFewer,false,techShop,helpingLeastSchool,differentOutdoors,true,true
Computer Network Architect,60,"If you've ever saved something to the cloud, then you've depended on the handiwork of a computer network architect. These professionals design, build and maintain a variety of data communication networks, from expansive cloud infrastructures to smaller intranets.",https://www.usnews.com/dims4/USNEWS/fc451e8/2147483647/crop/1335x1335%2B342%2B0/resize/300x300/quality/85/?url=https%3A%2F%2Fmedia.beam.usnews.com%2F58%2Fbc%2F3ab48f23404688889b802115644c%2F180625-computernetworkarchitect-stock.jpg,"8,400","$109,020",$52,"$2,044",Bachelor's,https://money.usnews.com/careers/best-jobs/computer-network-architect,daytime,boatVacation,true,false,false,bachelors,false,techShop,jobLike,office,false,false
Orthotist and Prosthetist,61,"Orthotists and prosthetists are the designers behind artificial limbs, including arms, hands, legs and feet, as well as body braces and other medical and surgical devices. Also known as O&P professionals, they work directly with patients in order to design and fit the devices, and instruct them on use.",https://www.usnews.com/dims4/USNEWS/9a96e97/2147483647/crop/667x667%2B141%2B0/resize/300x300/quality/85/?url=https%3A%2F%2Fmedia.beam.usnews.com%2F24%2F40%2F5e438b454015bb439b0a4ba7c842%2F150619-jobprofileorthotistandprosthetist-stock.jpg,"1,800","$69,120",$33,"$1,296",Master's,https://money.usnews.com/careers/best-jobs/orthotist-and-prosthetist,daytime,car,true,true,false,advanced,true,mathScience,helpingLeastSchool,govMedStore,false,true
Personal Care Aide,62,"Compassion is the top asset for those interested in being a personal care aide. These professionals assist people with physical and mental disabilities and chronic illness, and perform non-medical daily tasks.",https://www.usnews.com/dims4/USNEWS/e5dec9d/2147483647/thumbnail/300x300/quality/85/?url=https%3A%2F%2Fmedia.beam.usnews.com%2F62%2F758715985e236d15dc27ab90281da1%2Fjobs-job-photo-63.jpg,"881,000","$24,020",$12,$450,High School,https://money.usnews.com/careers/best-jobs/personal-care-aide,varies,car,false ,true,false,twoYearsOrFewer,true,mathScience,helpingLeastSchool,differentOutdoors,false,true
Computer Systems Administrator,63,Computer systems administrators perform duties ranging from identifying and fixing network issues to updating equipment and software.,https://www.usnews.com/dims4/USNEWS/b86acdc/2147483647/crop/1334x1334%2B369%2B0/resize/300x300/quality/85/?url=https%3A%2F%2Fmedia.beam.usnews.com%2F8c%2F25%2F787e29fe48da91350b02fc5cc539%2F190219-computersystemsadministrator-stock.jpg,"18,200","$82,050",$39,"$1,538",Bachelor's,https://money.usnews.com/careers/best-jobs/network-and-computer-systems-administrator,daytime,house,true,false,false,bachelors,false,techShop,money,office,false,false
Massage Therapist,64,"Nothing is as relaxing as a good massage. But massage therapists aren’t just responsible for helping people luxuriate or relieve stress. They also provide relief from painful medical conditions, heal injuries and improve circulation. ",https://www.usnews.com/dims4/USNEWS/7054ac8/2147483647/thumbnail/300x300/quality/85/?url=https%3A%2F%2Fmedia.beam.usnews.com%2Fd4%2F7101860af404220fe2562e616918be%2Fjobs-job-photo-50.jpg,"35,400","$41,420",$20,$777,Postsecondary non-degree,https://money.usnews.com/careers/best-jobs/massage-therapist,varies,car,false,false,false,twoYearsOrFewer,true,techShop,jobLike,differentOutdoors,false,true
Cartographer,65,"A modern road trip may not include nearly as many paper maps as it used to, but cartographers, who are map artists in a sense, are still in demand as online maps and GPS technologies continue to change and develop.",https://www.usnews.com/dims4/USNEWS/a8768ca/2147483647/crop/1335x1335%2B400%2B0/resize/300x300/quality/85/?url=https%3A%2F%2Fmedia.beam.usnews.com%2F45%2F55%2Fc99bf5d44e9a886ffc76fe2002fb%2F151030-cartographer-stock.jpg,"1,700","$64,430",$31,"$1,208",Bachelor's,https://money.usnews.com/careers/best-jobs/cartographer,varies,car,true,false,false,bachelors,false,englishHistory,jobLike,office,false,false
Dental Assistant,66,"Dental assistants prepare patients for treatments and teeth cleanings, sterilize instruments and assist dentists during procedures.",https://www.usnews.com/dims4/USNEWS/5ce6db2/2147483647/thumbnail/300x300/quality/85/?url=https%3A%2F%2Fmedia.beam.usnews.com%2Feb%2Fbeb9892f683cdc3d59b5ef01328171%2Fjobs-job-photo-56.jpg,"38,700","$38,660",$19,$725,Postsecondary non-degree,https://money.usnews.com/careers/best-jobs/dental-assistant,daytime,car,true,true,true,twoYearsOrFewer,true,techShop,jobLike,govMedStore,false,true
Management Analyst,67,"Time really is money. Management analysts work with companies to improve overall efficiency, proposing plans to increase profitability, reduce costs and increase revenue.",https://www.usnews.com/dims4/USNEWS/c6cdb7b/2147483647/crop/278x278%2B75%2B0/resize/300x300/quality/85/?url=https%3A%2F%2Fmedia.beam.usnews.com%2Fa9%2F88db11ae192ec408cc76f79bd05898%2Fjobs-job-photo-27.jpg,"118,300","$83,610",$40,"$1,568",Bachelor's,https://money.usnews.com/careers/best-jobs/management-analyst,daytime,house,false,false,false,bachelors,false,englishHistory,money,office,false,false
Solar Photovoltaic Installer,68,"Solar photovoltaic installers put together, implement and maintain solar panels on the rooftops of homes and other buildings.",https://www.usnews.com/dims4/USNEWS/0cd4da7/2147483647/crop/665x665%2B334%2B0/resize/300x300/quality/85/?url=https%3A%2F%2Fmedia.beam.usnews.com%2F73%2F31%2Fc5feb76c43c383ebfea93775baef%2F170110-stock.jpg,"6,100","$42,680",$21,$800,High School,https://money.usnews.com/careers/best-jobs/solar-photovoltaic-installer,varies,car,true,false,false,twoYearsOrFewer,false,techShop,helpingLeastSchool,differentOutdoors,true,true
Physical Therapist Aide,69,"Physical therapist aides support physical therapists, professionals who assist injured or ill people with movement and pain. Aides set up treatment areas and therapy equipment, assist patients as they move to and from therapy areas and perform clerical duties.",https://www.usnews.com/dims4/USNEWS/b5748fc/2147483647/crop/801x801%2B398%2B0/resize/300x300/quality/85/?url=https%3A%2F%2Fmedia.beam.usnews.com%2F40%2F38%2F53d7feb14bc8ab4d53d7bd451874%2F150615-jobprofilephysicaltherapyaide-stock.jpg,"11,300","$26,240",$13,$492,High School,https://money.usnews.com/careers/best-jobs/physical-therapy-aide,varies,car,true,true,false,twoYearsOrFewer,true,techShop,helpingLeastSchool,govMedStore,false,true
Occupational Therapy Assistant,70,"Occupational therapists rely on occupational therapy assistants to help patients with therapeutic activities and exercises, teach patients to use special equipment and record patients’ progress in their treatment.",https://www.usnews.com/dims4/USNEWS/11cb027/2147483647/crop/333x333%2B54%2B0/resize/300x300/quality/85/?url=https%3A%2F%2Fmedia.beam.usnews.com%2Fb0%2F017af6e2e0456b779cf98a24779401%2Fjobs-job-photo-117.jpg,"14,500","$60,220",$29,"$1,129",Associate's,https://money.usnews.com/careers/best-jobs/occupational-therapy-assistant,varies,car,true,true,false,twoYearsOrFewer,true,techShop,helpingLeastSchool,differentOutdoors,false,true
Mental Health Counselor,71,"Maintaining good mental health is just as important in day-to-day life as maintaining good physical health. Mental health counselors help people cope with and beat things like depression, stress and anxiety. ",https://www.usnews.com/dims4/USNEWS/4c62a00/2147483647/crop/278x278%2B85%2B0/resize/300x300/quality/85/?url=https%3A%2F%2Fmedia.beam.usnews.com%2F74%2Fb71d093c53d36621caff0bd988691b%2Fjobs-job-photo-89.jpg,"22,300","$44,840",$22,$841,Master's,https://money.usnews.com/careers/best-jobs/mental-health-counselor,daytime,car,true,false,false,advanced,true,englishHistory,jobLike,office,false,false
Environmental Engineering Technician,72,"Environmental engineering technician positions are ideal for team-oriented workers, as these professionals collaborate with other technicians and engineers to develop plans and create devices to reduce environmental pollution.",https://www.usnews.com/dims4/USNEWS/94de9f6/2147483647/thumbnail/300x300/quality/85/?url=https%3A%2F%2Fmedia.beam.usnews.com%2F3c%2F0d%2F76dfbf18483a856f854bd0f1cde8%2Fenvironmental-engineering-technician.jpg,"1,500","$50,560",$24,$948,Associate's,https://money.usnews.com/careers/best-jobs/environmental-engineering-technician,varies,car,true,false,false,twoYearsOrFewer,false,techShop,jobLike,office,true,false
Nail Technician,73,"No day at the spa is complete without a mani-pedi, and a good one requires the work of a skilled nail technician. These professionals clean, trim and shape your nails, remove dead skin and calluses on your feet, massage your hands and paint your nails. ",https://www.usnews.com/dims4/USNEWS/146c684/2147483647/thumbnail/300x300/quality/85/?url=https%3A%2F%2Fmedia.beam.usnews.com%2Ffe%2F6b2988cd47d84ecae5217d4445381a%2Fjobs-job-photo-131.jpg,"15,700","$24,330",$12,$456,Postsecondary non-degree,https://money.usnews.com/careers/best-jobs/nail-technician,varies,car,false,true,false,twoYearsOrFewer,true,mathScience,jobLike,govMedStore,false,true
Plumber,74,Plumbers also plan and develop blueprints for new structures or those being refurbished.,https://www.usnews.com/dims4/USNEWS/22e2b0d/2147483647/crop/332x332%2B78%2B0/resize/300x300/quality/85/?url=https%3A%2F%2Fmedia.beam.usnews.com%2F5e%2Faca582621d55e9d339c9dfcc78965c%2Fjobs-job-photo-71.jpg,"68,200","$53,910",$26,"$1,011",High School,https://money.usnews.com/careers/best-jobs/plumber,varies,car,true,true,false,twoYearsOrFewer,false,techShop,jobLike,differentOutdoors,false,true
Radiologic Technologist,75,"Radiologic technologists are on their feet much of the day, assisting radiologists by taking medical images and giving radiation therapy treatments.",https://www.usnews.com/dims4/USNEWS/b2d5191/2147483647/thumbnail/300x300/quality/85/?url=https%3A%2F%2Fmedia.beam.usnews.com%2Fc9%2F5552771ad7ab70dee131af6c96a72d%2Fjobs-job-photo-66.jpg,"19,000","$59,520",$29,"$1,116",Associate's,https://money.usnews.com/careers/best-jobs/radiologic-technologist,varies,car,true,true,false,twoYearsOrFewer,true,techShop,helpingLeastSchool,govMedStore,false,true
MRI Technologist,76,"Anyone who has ever spent time in the big tube in an MRI machine had a capable MRI technologist to ease them through the process. These professionals run the MRI scanner to obtain images of what's going on inside your body, and they might inject you with dyes to help the physician better see a potential problem.",https://www.usnews.com/dims4/USNEWS/fd52bc2/2147483647/crop/2582x2582%2B1283%2B0/resize/300x300/quality/85/?url=https%3A%2F%2Fmedia.beam.usnews.com%2F89%2F36%2F7b562c61471bb22f3a7c48ce3505%2F151023-best-jobs-mritechnologist-stock.jpg,"4,300","$71,670",$34,"$1,344",Associate's,https://money.usnews.com/careers/best-jobs/mri-technologist,varies,car,true,true,false,twoYearsOrFewer,true,techShop,money,govMedStore,false,true
Chiropractor,77,"From temporary back injuries to pain caused by chronic illness, chiropractors are trained to treat the musculoskeletal system without drugs or surgery.",https://www.usnews.com/dims4/USNEWS/1c3c301/2147483647/crop/667x667%2B329%2B0/resize/300x300/quality/85/?url=https%3A%2F%2Fmedia.beam.usnews.com%2F3c%2Fe3%2Fd9bc068a4cbca28cb7e99488688f%2F160120-chirojpg-stock.jpg,"3,700","$71,410",$34,"$1,339",Doctorate,https://money.usnews.com/careers/best-jobs/chiropractor,varies,car,true,true,false,advanced,true,mathScience,helpingLeastSchool,govMedStore,false,true
Cost Estimator,78,"From the cost of your cell phone to that of government programs, cost estimators analyze how much products and services should cost. Cost estimators also analyze the current cost of something, in addition to why a product or service costs more or less than previous estimates determined.",https://www.usnews.com/dims4/USNEWS/7b723ce/2147483647/crop/279x279%2B49%2B0/resize/300x300/quality/85/?url=https%3A%2F%2Fmedia.beam.usnews.com%2F83%2Fa193a787b4877f0af6c0623d4de502%2Fjobs-job-photo-70.jpg,"18,700","$64,040",$31,"$1,201",Bachelor's,https://money.usnews.com/careers/best-jobs/cost-estimator,daytime,car,false,false,false,bachelors,false,mathScience,jobLike,office,false,false
Financial Analyst,79,"Buy? Sell? It’s a financial analyst’s job to recommend what clients should do with their investments, in addition to compiling reports that explain their investment analyses.",https://www.usnews.com/dims4/USNEWS/7f5cb41/2147483647/thumbnail/300x300/quality/85/?url=https%3A%2F%2Fmedia.beam.usnews.com%2F0d%2Fbc26657f6ea13ccdd50d2622bf53e2%2Fjobs-job-photo-25.jpg,"20,300","$85,660",$41,"$1,606",Bachelor's,https://money.usnews.com/careers/best-jobs/financial-analyst,daytime,house,false,false,false,bachelors,false,mathScience,money,office,false,false
Insurance Sales Agent,80,Insurance sales agents are the go-to source for the differentOutdoors insurance policies that are available. These agents typically contact potential customers in order to sell various insurance types.,https://www.usnews.com/dims4/USNEWS/32e8ee0/2147483647/thumbnail/300x300/quality/85/?url=https%3A%2F%2Fmedia.beam.usnews.com%2F6c%2F12%2F55d011204fc2b82d794a347e7143%2Fjobs-job-photo-24jpg.jpg,"48,300","$50,600",$24,$949,Bachelor's,https://money.usnews.com/careers/best-jobs/insurance-agent,daytime,car,false,false,false,twoYearsOrFewer,true,englishHistory,helpingLeastSchool,office,false,false
School Counselor,81,"This can be one of the most gratifying professions, as school counselors see students move forward in life and achieve great things. The necessary training varies by state, however, most hold a master’s degree.",https://www.usnews.com/dims4/USNEWS/f742d20/2147483647/crop/283x283%2B142%2B0/resize/300x300/quality/85/?url=https%3A%2F%2Fmedia.beam.usnews.com%2Fd1%2Fe37ddf2d19f68b0aa34cfe4262b2d3%2Fjobs-job-photo-2.jpg,"27,200","$56,310",$27,"$1,056",Master's,https://money.usnews.com/careers/best-jobs/school-counselor,daytime,car,false,false,false,advanced,true,englishHistory,helpingLeastSchool,govMedStore,false,false
Nurse Midwife,82,"From assistance during childbirth to reproductive care, nurse midwives provide a variety of gynecological and family planning services. Nurse midwives can serve as primary care providers for women and infants as well.",https://www.usnews.com/dims4/USNEWS/a213dbc/2147483647/crop/550x550%2B111%2B0/resize/300x300/quality/85/?url=https%3A%2F%2Fmedia.beam.usnews.com%2Fcf%2F72%2F24e169644d47b63228d1d95315fe%2F150618-jobphotonursemidwife-stock.jpg,"1,000","$103,770",$50,"$1,946",Master's,https://money.usnews.com/careers/best-jobs/nurse-midwife,varies,boatVacation,false,true,false,advanced,true,techShop,jobLike,differentOutdoors,false,true
Phlebotomist,83,"Phlebotomists work in labs, doctors’ offices and blood donor centers where they draw blood, ensuring it’s done properly.",https://www.usnews.com/dims4/USNEWS/c0a100f/2147483647/thumbnail/300x300/quality/85/?url=https%3A%2F%2Fmedia.beam.usnews.com%2F94%2F4450f5c2b25babbd3dbb29e7d67e40%2Fjobs-job-photo-120.jpg,"29,500","$34,480",$17,$647,Postsecondary non-degree,https://money.usnews.com/careers/best-jobs/phlebotomist,varies,car,true,true,false,twoYearsOrFewer,true,techShop,helpingLeastSchool,differentOutdoors,false,true
Paralegal,83,"A lawyer’s workload is rarely small, which is where paralegals come in. These professionals support lawyers by maintaining and organizing legal files, doing research and drafting documents.",https://www.usnews.com/dims4/USNEWS/3d6f339/2147483647/thumbnail/300x300/quality/85/?url=https%3A%2F%2Fmedia.beam.usnews.com%2F3c%2F77656af7f5b55574e26d7c1d490c89%2Fjobs-job-photo-14.jpg,"39,000","$50,940",$24,$955,Associate's,https://money.usnews.com/careers/best-jobs/paralegal,daytime,car,true,false,false,twoYearsOrFewer,false,englishHistory,helpingLeastSchool,office,false,false
Loan Officer,85,"From car loans to mortgages to business loans, loans are an inevitable part of the daily lives of Americans. A loan officer is a major player in the loan application and approval process. These officers evaluate, authorize or recommend loan application approval for individuals and businesses.",https://www.usnews.com/dims4/USNEWS/ef386b3/2147483647/crop/200x200%2B88%2B0/resize/300x300/quality/85/?url=https%3A%2F%2Fmedia.beam.usnews.com%2F4d%2Fb03b21ac64061bd8acf7ce31f65444%2Fjobs-job-photo-55.jpg,"24,300","$63,040",$30,"$1,182",Bachelor's,https://money.usnews.com/careers/best-jobs/loan-officer,daytime,car,false,false,false,bachelors,true,englishHistory,helpingLeastSchool,office,false,false
Clinical Social Worker,86,"Clinical social workers work with patients to diagnose and treat mental, behavioral and emotional disorders through individual, group and couples therapy.",https://www.usnews.com/dims4/USNEWS/4e1d8ef/2147483647/crop/283x283%2B42%2B0/resize/300x300/quality/85/?url=https%3A%2F%2Fmedia.beam.usnews.com%2Fbd%2Fa94d9d62b800bad160577b8983523f%2Fjobs-job-photo-90.jpg,"30,600","$56,200",$27,"$1,054",Master's,https://money.usnews.com/careers/best-jobs/clinical-social-worker,varies,car,false,true,false,advanced,true,englishHistory,helpingLeastSchool,office,false,false
Compliance Officer,87,"Employment in this job spans across many industries, but generally the duties are the same: These performance auditors ensure ethics are practiced, laws are followed and regulations are met.",https://www.usnews.com/dims4/USNEWS/6e1774d/2147483647/crop/332x332%2B57%2B0/resize/300x300/quality/85/?url=https%3A%2F%2Fmedia.beam.usnews.com%2F32%2Ffe3216009bdb60541322134c4e6538%2Fjobs-job-photo-29.jpg,"18,600","$68,860",$33,"$1,291",Bachelor's,https://money.usnews.com/careers/best-jobs/compliance-officer,daytime,car,false,false,false,bachelors,false,englishHistory,jobLike,office,false,false
Dietitian and Nutritionist,88,"Dietitians and nutritionists help clients with almost every aspect of their diet, assisting with food choice, meal plans, lifestyle and nutritional goals.",https://www.usnews.com/dims4/USNEWS/4ee132e/2147483647/crop/278x278%2B81%2B0/resize/300x300/quality/85/?url=https%3A%2F%2Fmedia.beam.usnews.com%2Fa8%2F32a20f11e5ba365c9420a9bf673aff%2Fjobs-job-photo-122.jpg,"8,000","$60,370",$29,"$1,132",Bachelor's,https://money.usnews.com/careers/best-jobs/dietitian-and-nutritionist,daytime,car,false,true,false,bachelors,true,mathScience,jobLike,office,true,false
Ophthalmic Medical Technician,89,Ophthalmic medical technicians often train on the job to perform the first part of a patient’s eye examination.,https://www.usnews.com/dims4/USNEWS/359903f/2147483647/crop/3168x3168%2B1583%2B0/resize/300x300/quality/85/?url=https%3A%2F%2Fmedia.beam.usnews.com%2F24%2F2f%2F169701324301a041d9b32e60ffad%2Fophthalmic-medical-technician.jpg,"8,900","$36,530",$18,$685,Postsecondary non-degree,https://money.usnews.com/careers/best-jobs/ophthalmic-medical-technician,varies,car,true,true,false,twoYearsOrFewer,true,techShop,helpingLeastSchool,govMedStore,false,true
Clinical Laboratory Technician,90,"While you may not meet a clinical laboratory technician at the hospital or doctor’s office, these medical professionals play a major role in your medical care. Physicians use the results of the tests and the analysis that clinical laboratory technicians conduct to diagnose patients.",https://www.usnews.com/dims4/USNEWS/834316f/2147483647/crop/333x333%2B106%2B0/resize/300x300/quality/85/?url=https%3A%2F%2Fmedia.beam.usnews.com%2F90%2F6b25148437113e360ef0bf93fe3d6d%2Fjobs-job-photo-48.jpg,"35,100","$52,330",$25,$981,Bachelor's,https://money.usnews.com/careers/best-jobs/clinical-laboratory-technician,varies,car,true,true,false,bachelors,false,mathScience,helpingLeastSchool,govMedStore,false,false
Licensed Practical and Licensed Vocational Nurse,91,"Basic medical care is essential, and licensed practical and licensed vocational nurses provide this care under the guidance of registered nurses and doctors. Duties include monitoring patients’ health, offering basic patient care and comfort, discussing the care provided with patients, and reporting patients’ health status and concerns to the appropriate nurses and doctors.",https://www.usnews.com/dims4/USNEWS/799b3a9/2147483647/crop/283x283%2B0%2B0/resize/300x300/quality/85/?url=https%3A%2F%2Fmedia.beam.usnews.com%2F87%2Feef723e491be4e816b76e9d8e28406%2Fjobs-job-photo-125.jpg,"78,100","$46,240",$22,$867,Postsecondary non-degree,https://money.usnews.com/careers/best-jobs/licensed-practical-and-licensed-vocational-nurse,daytime,car,false,true,false,twoYearsOrFewer,true,techShop,helpingLeastSchool,differentOutdoors,false,true
Electrician,92,"Electricians design, install, maintain and repair motors, equipment or electrical systems for businesses and residences.",https://www.usnews.com/dims4/USNEWS/d48a762/2147483647/thumbnail/300x300/quality/85/?url=https%3A%2F%2Fmedia.beam.usnews.com%2F2f%2Fb0bf449b46354931765ba2458f30ee%2Fjobs-job-photo-69.jpg,"74,100","$55,190",$27,"$1,035",High School,https://money.usnews.com/careers/best-jobs/electrician,varies,car,true,false,false,twoYearsOrFewer,false,techShop,jobLike,differentOutdoors,false,true
HR Specialist,93,"If you have a job, you’ve likely interacted with an HR specialist. These human resources personnel recruit, screen, interview and place employees, in addition to taking care of employee relations tasks.",https://www.usnews.com/dims4/USNEWS/0a1b7d8/2147483647/crop/279x279%2B116%2B0/resize/300x300/quality/85/?url=https%3A%2F%2Fmedia.beam.usnews.com%2Fc6%2Fdb066d32ad97df28155a2312d9c63f%2Fjobs-job-photo-23.jpg,"28,900","$60,870",$29,"$1,141",Bachelor's,https://money.usnews.com/careers/best-jobs/hr-specialist,daytime,car,false,false,false,bachelors,true,englishHistory,jobLike,office,false,false
Wind Turbine Technician,94,"Generating electricity through wind turbines is becoming more prevalent. Wind turbine technicians typically learn the trade at a technical school, and they work outside repairing, maintaining and installing wind turbines.",https://www.usnews.com/dims4/USNEWS/ef10c76/2147483647/crop/667x667%2B130%2B0/resize/300x300/quality/85/?url=https%3A%2F%2Fmedia.beam.usnews.com%2F88%2Fee%2Feacb481c4d318fa4d830ecd7a6ab%2F170110-stock.jpg,"3,800","$54,370",$26,"$1,019",Postsecondary non-degree,https://money.usnews.com/careers/best-jobs/wind-turbine-technician,varies,car,true,false,false,twoYearsOrFewer,false,techShop,helpingLeastSchool,differentOutdoors,true,true
Logistician,95,"A logistician is involved in every aspect of a product’s life, including design, purchase, transportation, inventory and warehousing. ",https://www.usnews.com/dims4/USNEWS/5cc57fd/2147483647/crop/1335x1335%2B510%2B0/resize/300x300/quality/85/?url=https%3A%2F%2Fmedia.beam.usnews.com%2F62%2Fd6%2F27ef7a4f44778a47c7ae27b548a5%2F190219-logisticians-stock.jpg,"8,400","$74,600",$36,"$1,399",Bachelor's,https://money.usnews.com/careers/best-jobs/logistician,varies,car,false,false,false,bachelors,false,englishHistory,money,office,false,false
Residential Advisor,96,Residential advisors are supervisors to college or university residence halls where they assist students with any problems or issues that come up.,https://www.usnews.com/dims4/USNEWS/4cdc033/2147483647/crop/2584x2584%2B754%2B0/resize/300x300/quality/85/?url=https%3A%2F%2Fmedia.beam.usnews.com%2F54%2F2b%2F7b0bedda461f84689ce86594c470%2Fresidential-advisor.jpg,"13,900","$27,860",$13,$522,High School,https://money.usnews.com/careers/best-jobs/residential-advisor,varies,car,false,true,false,twoYearsOrFewer,true,englishHistory,jobLike,differentOutdoors,false,true
Optician,97,"After seeing an optometrist or ophthalmologist for an eye appointment, patients might also end up seeing an optician. Opticians help patients choose and fit glasses and contact lenses.",https://www.usnews.com/dims4/USNEWS/b408c03/2147483647/crop/1415x1415%2B145%2B0/resize/300x300/quality/85/?url=https%3A%2F%2Fmedia.beam.usnews.com%2Fe9%2F96%2F6ccc708443e98c411ed14938b155%2F181203-optician-stock.jpg,"5,400","$37,010",$18,$694,High School,https://money.usnews.com/careers/best-jobs/optician,varies,car,true,true,false,twoYearsOrFewer,true,mathScience,helpingLeastSchool,govMedStore,false,true
Computer Support Specialist,98,A computer support specialist’s job is a combination of customer service and troubleshooting. These specialists help computer owners and users troubleshoot and fix problems.,https://www.usnews.com/dims4/USNEWS/5e27963/2147483647/crop/333x333%2B79%2B0/resize/300x300/quality/85/?url=https%3A%2F%2Fmedia.beam.usnews.com%2Fc5%2Fad2bbfc7e081d8749b4a33045ea74a%2Fjobs-job-photo-111.jpg,"83,100","$53,470",$26,"$1,003",Associate's,https://money.usnews.com/careers/best-jobs/computer-support-specialist,daytime,car,true,false,false,bachelors,false,techShop,jobLike,differentOutdoors,false,false
Esthetician and Skincare Specialist,99,"Estheticians and skin care specialists deal with many aspects of skin care, using treatments that include waxing, cleansing, exfoliating and even applying makeup.The duties of an executive assistant can be far more involved than those of an administrative assistant. Executive assistants complete important office management tasks and prepare and analyze reports.",https://www.usnews.com/dims4/USNEWS/c9a24df/2147483647/crop/1334x1334%2B225%2B0/resize/300x300/quality/85/?url=https%3A%2F%2Fmedia.beam.usnews.com%2F74%2F86%2Ff1cc16714103bd1c9bfcb43c7e61%2F190219-facialtreatment-stock.jpg,"7,800","$31,290",$15,$587,Postsecondary non-degree,https://money.usnews.com/careers/best-jobs/esthetician-and-skincare-specialist,varies,car,false,true,false,twoYearsOrFewer,true,techShop,jobLike,govMedStore,false,true
Restaurant Cook,100,A restaurant cook must learn cooking techniques and food preparation safety either before he or she starts or while on the job. The best jobs will be at upscale restaurants for those cooks who can plan and prepare more complex dishes.,https://www.usnews.com/dims4/USNEWS/b6cbabc/2147483647/thumbnail/300x300/quality/85/?url=https%3A%2F%2Fmedia.beam.usnews.com%2F81%2F44e74c60ece6e1c965e6d55e7806a3%2Fjobs-job-photo-85.jpg,"299,000","$26,530",$13,$497,Not required,https://money.usnews.com/careers/best-jobs/restaurant-cook,varies,car,false,false,false,twoYearsOrFewer,true,techShop,jobLike,differentOutdoors,false,true